backend,resolution,trial,threads,steps,warmup_steps,seconds,seconds_per_step,grid_points_per_second
CPU serial,512,1,1,26116,3,0.73632121699999997,2.8194257045489353e-05,18159726.61290297
CPU serial,512,2,1,26116,3,0.73690790299999998,2.8216721664879767e-05,18145268.82608287
CPU serial,512,3,1,26116,3,0.74108818399999998,2.837678756317966e-05,18042916.19902551
CPU/OpenMP,512,1,1,26381,3,0.75196328099999998,2.850397183579091e-05,17962408.991616707
CPU/OpenMP,512,2,1,26381,3,0.74651803800000005,2.8297564080209243e-05,18093430.181790195
CPU/OpenMP,512,3,1,26381,3,0.75149118400000003,2.848607649444676e-05,17973693.221662596
CPU/OpenMP,512,1,2,7274,3,0.78778414900000004,0.00010830136774814408,4727548.789509853
CPU/OpenMP,512,2,2,7274,3,0.78566849400000005,0.00010801051608468519,4740279.174284924
CPU/OpenMP,512,3,2,7274,3,0.80058387200000003,0.00011006102172119879,4651964.810003067
CPU/OpenMP,512,1,4,4482,3,0.78029014900000004,0.0001740941876394467,2940936.7822225317
CPU/OpenMP,512,2,4,4482,3,0.74361935700000004,0.00016591239558232934,3085965.929205901
CPU/OpenMP,512,3,4,4482,3,0.74161781000000004,0.00016546582106202588,3094294.620567432
CPU/OpenMP,512,1,8,2402,3,0.74161783100000001,0.0003087501378018318,1658298.8550068992
CPU/OpenMP,512,2,8,2402,3,0.74061721800000002,0.00030833356286427975,1660539.304394082
CPU/OpenMP,512,3,8,2402,3,0.73881769900000005,0.00030758438759367196,1664583.8366684823
CPU/OpenMP,512,1,12,1336,3,0.76594185699999995,0.0005733097732035928,893059.9545495267
CPU/OpenMP,512,2,12,1336,3,0.76982428000000003,0.0005762157784431138,888556.022161317
CPU/OpenMP,512,3,12,1336,3,0.76531346099999997,0.0005728394169161676,893793.2427141774
CPU serial,1024,1,1,12651,3,0.74943361799999997,5.923908133744368e-05,17285885.886159968
CPU serial,1024,2,1,12651,3,0.74746591200000001,5.90835437514821e-05,17331391.026698753
CPU serial,1024,3,1,12651,3,0.74912953000000004,5.921504466050115e-05,17292902.603906162
CPU/OpenMP,1024,1,1,12439,3,0.74932870900000004,6.0240269233861245e-05,16998596.006015297
CPU/OpenMP,1024,2,1,12439,3,0.74658845699999998,6.001997403328242e-05,17060987.05461234
CPU/OpenMP,1024,3,1,12439,3,0.745581614,5.9939031594179594e-05,17084026.43094147
CPU/OpenMP,1024,1,2,5285,3,0.78048142799999998,0.00014767860510879848,6933976.653189498
CPU/OpenMP,1024,2,2,5285,3,0.79359813999999995,0.00015016048060548722,6819370.821610041
CPU/OpenMP,1024,3,2,5285,3,0.78943855799999996,0.00014937342630085145,6855302.347671749
CPU/OpenMP,1024,1,4,3733,3,0.76562226799999999,0.0002050957053308331,4992791.040398527
CPU/OpenMP,1024,2,4,3733,3,0.755073679,0.00020226993811947496,5062541.71786592
CPU/OpenMP,1024,3,4,3733,3,0.74094278499999999,0.00019848453924457542,5159092.007353847
CPU/OpenMP,1024,1,8,2173,3,0.74762242999999995,0.00034405081914404045,2976304.4963752627
CPU/OpenMP,1024,2,8,2173,3,0.74898264999999997,0.0003446767832489646,2970899.259148393
CPU/OpenMP,1024,3,8,2173,3,0.75207025999999999,0.00034609768062586287,2958702.2893313183
CPU/OpenMP,1024,1,12,1030,3,0.76717549799999996,0.0007448305805825243,1374809.2877700326
CPU/OpenMP,1024,2,12,1030,3,0.76666159099999998,0.0007443316417475728,1375730.8470667861
CPU/OpenMP,1024,3,12,1030,3,0.76554870900000005,0.0007432511737864078,1377730.7539029499
CPU serial,2048,1,1,5681,3,0.74239582599999998,0.00013068048336560464,15671812.249655617
CPU serial,2048,2,1,5681,3,0.74002751099999997,0.00013026359989438477,15721966.855364654
CPU serial,2048,3,1,5681,3,0.75134082499999999,0.0001322550299243091,15485233.349325852
CPU/OpenMP,2048,1,1,5694,3,0.75362010999999995,0.00013235337372672989,15473727.207199926
CPU/OpenMP,2048,2,1,5694,3,0.75328062200000001,0.00013229375166842291,15480700.896086503
CPU/OpenMP,2048,3,1,5694,3,0.75587400400000004,0.00013274921039690903,15427587.055897744
CPU/OpenMP,2048,1,2,3543,3,0.78859502299999995,0.00022257832994637312,9201255.128895229
CPU/OpenMP,2048,2,2,3543,3,0.77981584299999995,0.00022010043550663277,9304843.015352793
CPU/OpenMP,2048,3,2,3543,3,0.78324273,0.00022106766299745978,9264131.950512966
CPU/OpenMP,2048,1,4,2816,3,0.75383602800000005,0.00026769745312500004,7650427.660377091
CPU/OpenMP,2048,2,4,2816,3,0.75632091099999998,0.0002685798689630682,7625292.274908422
CPU/OpenMP,2048,3,4,2816,3,0.75661831899999998,0.00026868548259943183,7622294.960585007
CPU/OpenMP,2048,1,8,1872,3,0.75680102800000004,0.00040427405341880344,5065870.497205508
CPU/OpenMP,2048,2,8,1872,3,0.74912204999999998,0.0004001720352564102,5117798.895386941
CPU/OpenMP,2048,3,8,1872,3,0.76332281400000002,0.00040775791346153847,5022587.992502999
CPU/OpenMP,2048,1,12,928,3,0.759609749,0.0008185449881465517,2502000.537120542
CPU/OpenMP,2048,2,12,928,3,0.75692128700000005,0.0008156479385775863,2510887.238397881
CPU/OpenMP,2048,3,12,928,3,0.75920817200000001,0.0008181122543103449,2503323.9499956276
CPU serial,4096,1,1,1930,3,0.74381601600000002,0.0003853968994818653,10628004.546758778
CPU serial,4096,2,1,1930,3,0.74934562800000004,0.00038826198341968915,10549577.79776357
CPU serial,4096,3,1,1930,3,0.74858934399999999,0.0003878701264248705,10560235.813348686
CPU/OpenMP,4096,1,1,1909,3,0.74319773899999997,0.0003893125924567836,10521108.434104104
CPU/OpenMP,4096,2,1,1909,3,0.74581051200000004,0.0003906812530120482,10484250.187130641
CPU/OpenMP,4096,3,1,1909,3,0.75307541300000003,0.00039448685856469356,10383108.8693371
CPU/OpenMP,4096,1,2,1652,3,0.75795813000000001,0.0004588124273607748,8927395.501384754
CPU/OpenMP,4096,2,2,1652,3,0.75589063400000001,0.00045756091646489104,8951813.52385959
CPU/OpenMP,4096,3,2,1652,3,0.75921519199999998,0.0004595733607748184,8912614.0668692
CPU/OpenMP,4096,1,4,1493,3,0.74788010800000004,0.0005009243858004019,8176882.811275414
CPU/OpenMP,4096,2,4,1493,3,0.74836002499999998,0.0005012458305425318,8171639.044990412
CPU/OpenMP,4096,3,4,1493,3,0.74700441399999995,0.0005003378526456798,8186468.3600115925
CPU/OpenMP,4096,1,8,1218,3,0.76679159100000005,0.0006295497463054188,6506237.23389267
CPU/OpenMP,4096,2,8,1218,3,0.76793108200000004,0.000630485288998358,6496582.983731866
CPU/OpenMP,4096,3,8,1218,3,0.75857128600000001,0.0006228007274220033,6576742.479018643
CPU/OpenMP,4096,1,12,712,3,0.751287025,0.0010551784058988765,3881808.0213750526
CPU/OpenMP,4096,2,12,712,3,0.75303052299999995,0.0010576271390449437,3872820.438116557
CPU/OpenMP,4096,3,12,712,3,0.75126554499999998,0.0010551482373595505,3881919.009076877
CPU serial,8192,1,1,812,3,0.74405942300000005,0.0009163293386699508,8940017.14699069
CPU serial,8192,2,1,812,3,0.75045930000000005,0.0009242109605911331,8863777.156202873
CPU serial,8192,3,1,812,3,0.74143135100000002,0.0009130927967980296,8971705.864647204
CPU/OpenMP,8192,1,1,812,3,0.75155535299999998,0.0009255607795566502,8850850.404361367
CPU/OpenMP,8192,2,1,812,3,0.75589166299999999,0.0009309010628078818,8800075.891298724
CPU/OpenMP,8192,3,1,812,3,0.75022897200000005,0.0009239273054187192,8866498.426829616
CPU/OpenMP,8192,1,2,779,3,0.751876981,0.0009651822605905007,8487516.12466242
CPU/OpenMP,8192,2,2,779,3,0.74966763599999997,0.0009623461309370988,8512529.677885147
CPU/OpenMP,8192,3,2,779,3,0.74959801599999998,0.0009622567599486521,8513320.29139202
CPU/OpenMP,8192,1,4,741,3,0.75402653600000002,0.0010175796707152496,8050475.295208974
CPU/OpenMP,8192,2,4,741,3,0.75350923999999997,0.0010168815654520917,8056002.07371047
CPU/OpenMP,8192,3,4,741,3,0.75223841800000002,0.001015166556005398,8069611.780981918
CPU/OpenMP,8192,1,8,635,3,0.74744748100000002,0.0011770826472440946,6959579.277784735
CPU/OpenMP,8192,2,8,635,3,0.75222839900000005,0.001184611651968504,6915346.465136581
CPU/OpenMP,8192,3,8,635,3,0.75399992599999999,0.0011874014582677166,6899098.820335958
CPU/OpenMP,8192,1,12,470,3,0.75389730700000002,0.0016040368234042555,5107114.674969915
CPU/OpenMP,8192,2,12,470,3,0.75608697300000005,0.0016086956872340427,5092324.213341525
CPU/OpenMP,8192,3,12,470,3,0.75563388499999995,0.0016077316702127658,5095377.637809348
CPU serial,16384,1,1,279,3,0.74883323099999999,0.002683990075268817,6104344.4798725825
CPU serial,16384,2,1,279,3,0.74831726499999995,0.002682140734767025,6108553.435553836
CPU serial,16384,3,1,279,3,0.74740622099999998,0.0026788753440860212,6115999.401080715
CPU/OpenMP,16384,1,1,277,3,0.74904709000000003,0.0027041411191335743,6058855.39185527
CPU/OpenMP,16384,2,1,277,3,0.74706714399999996,0.002696993299638989,6074913.127219527
CPU/OpenMP,16384,3,1,277,3,0.74904506000000004,0.0027041337906137186,6058871.812064283
CPU/OpenMP,16384,1,2,377,3,0.74871170200000003,0.001985972684350133,8249861.707116739
CPU/OpenMP,16384,2,2,377,3,0.74943230900000002,0.001987884108753316,8241929.158674688
CPU/OpenMP,16384,3,2,377,3,0.75179098200000005,0.001994140535809019,8216070.886575225
CPU/OpenMP,16384,1,4,364,3,0.75246641700000005,0.0020672154313186816,7925637.430806429
CPU/OpenMP,16384,2,4,364,3,0.76643595200000003,0.002105593274725275,7781179.868242923
CPU/OpenMP,16384,3,4,364,3,0.76980972000000003,0.002114861868131868,7747078.070149595
CPU/OpenMP,16384,1,8,333,3,0.75338993099999996,0.002262432225225225,7241763.893443912
CPU/OpenMP,16384,2,8,333,3,0.75230817800000005,0.002259183717717718,7252176.91306288
CPU/OpenMP,16384,3,8,333,3,0.75221349900000001,0.0022588993963963966,7253089.724198102
CPU/OpenMP,16384,1,12,278,3,0.749484237,0.002695986464028777,6077181.847388206
CPU/OpenMP,16384,2,12,278,3,0.75410390500000002,0.002712603974820144,6039952.809951303
CPU/OpenMP,16384,3,12,278,3,0.75084005799999998,0.0027008635179856114,6066208.044536697
